,Variables,Indices,conf,scenario
3,server efficiency quantile,0.4060665853381973,0.06131774855737452,1
7,water consumption factor,0.3974081325031613,0.06457594150314824,1
1,server utilization level,0.375746218281644,0.04405040931701559,1
6,cooling system type,0.08464127389524492,0.0129417414380427,1
5,infrastructure efficiency quantile,0.019870743282195912,0.00445027476477559,1
4,climate zone,0.008337089040428989,0.002260973014137679,1
2,inactive server percentage,0.007068325712832582,0.0013732747644918312,1
0,server refresh cycle,0.0038087682190273107,0.0007048190025251213,1
